{
  "data_analise": "2026-03-22T14:19:45.605765",
  "correlacoes": {
    "KOR": {
      "pib_escol": 0.8262430959486784,
      "pib_pisa": -0.5734156848619686,
      "pib_gasto": 0.9042987990445973
    },
    "MYS": {
      "pib_escol": 0.8022391163031652,
      "pib_pisa": 0.9810263503384586,
      "pib_gasto": -0.46891340063041154
    },
    "CHN": {
      "pib_escol": -0.033118434204290836,
      "pib_pisa": -0.20843118038489758,
      "pib_gasto": 0.9930074915085811
    },
    "TUR": {
      "pib_escol": 0.7366038844412718,
      "pib_pisa": 0.4794071586470218,
      "pib_gasto": 0.4357066939295613
    },
    "MEX": {
      "pib_escol": 0.878200679750381,
      "pib_pisa": 0.2831655623623012,
      "pib_gasto": 0.7180688315938537
    },
    "BRA": {
      "pib_escol": 0.6961925012755993,
      "pib_pisa": 0.9276811253353273,
      "pib_gasto": 0.8923355657599041
    },
    "IND": {
      "pib_escol": 0.8842930002754489,
      "pib_pisa": null,
      "pib_gasto": 0.5686067166242549
    }
  },
  "iche": {
    "BRA": {
      "iche": 0.18512658227848103,
      "iqe_raw": 10.05,
      "iqa_raw": 397.3,
      "iqe_estr_raw": null,
      "iqe_norm": 0.6170886075949368,
      "iqa_norm": 0.0,
      "iqe_estr_norm": 0
    },
    "MEX": {
      "iche": 0.19444143058067104,
      "iqe_raw": 9.33,
      "iqa_raw": 411.0,
      "iqe_estr_raw": 0.25782,
      "iqe_norm": 0.5031645569620252,
      "iqa_norm": 0.10873015873015869,
      "iqe_estr_norm": 0.0
    },
    "TUR": {
      "iche": 0.5689878818428644,
      "iqe_raw": 12.47,
      "iqa_raw": 461.7,
      "iqe_estr_raw": 1.32343,
      "iqe_norm": 1.0,
      "iqa_norm": 0.5111111111111112,
      "iqe_estr_norm": 0.2151447913280665
    },
    "CHN": {
      "iche": 0.13914988723982885,
      "iqe_raw": 6.15,
      "iqa_raw": null,
      "iqe_estr_raw": 2.55518,
      "iqe_norm": 0.0,
      "iqa_norm": 0,
      "iqe_estr_norm": 0.46383295746609615
    },
    "IND": {
      "iche": 0.09920886075949366,
      "iqe_raw": 8.24,
      "iqa_raw": null,
      "iqe_estr_raw": null,
      "iqe_norm": 0.33069620253164556,
      "iqa_norm": 0,
      "iqe_estr_norm": 0
    },
    "KOR": {
      "iche": 0.9302215189873417,
      "iqe_raw": 11.0,
      "iqa_raw": 523.3,
      "iqe_estr_raw": 5.21081,
      "iqe_norm": 0.7674050632911391,
      "iqa_norm": 1.0,
      "iqe_estr_norm": 1.0
    },
    "MYS": {
      "iche": 0.292856640546514,
      "iqe_raw": 8.26,
      "iqa_raw": 458.0,
      "iqe_estr_raw": null,
      "iqe_norm": 0.3338607594936708,
      "iqa_norm": 0.48174603174603187,
      "iqe_estr_norm": 0
    }
  },
  "eficiencia": {
    "BRA": {
      "eff_raw": 4.642158117587177,
      "pib": 18554.0461828519,
      "escolaridade": 10.05,
      "pisa": 397.3,
      "pd": 0.1,
      "eff_norm": 0.5281759720916036
    },
    "MEX": {
      "eff_raw": 5.56425175598487,
      "pib": 21391.8573692427,
      "escolaridade": 9.33,
      "pisa": 411.0,
      "pd": 0.25782,
      "eff_norm": 0.6330900425484118
    },
    "TUR": {
      "eff_raw": 5.7461678515613075,
      "pib": 33520.8111384208,
      "escolaridade": 12.47,
      "pisa": 461.7,
      "pd": 1.32343,
      "eff_norm": 0.6537881118916712
    },
    "KOR": {
      "eff_raw": 8.789036917381901,
      "pib": 53228.6035655365,
      "escolaridade": 11.0,
      "pisa": 523.3,
      "pd": 5.21081,
      "eff_norm": 1.0
    },
    "MYS": {
      "eff_raw": 8.484389613054429,
      "pib": 32129.2217820113,
      "escolaridade": 8.26,
      "pisa": 458.0,
      "pd": 0.1,
      "eff_norm": 0.9653378058152222
    }
  },
  "crescimento": {
    "BRA": {
      "cagr": 1.2572178261667677,
      "pib_inicial": 12633.2884559605,
      "pib_final": 19079.8122132253,
      "anos": 33,
      "multiplicador": 1.5102807380467334
    },
    "MEX": {
      "cagr": 0.7425432416248379,
      "pib_inicial": 17169.5925840496,
      "pib_final": 21917.24858366,
      "anos": 33,
      "multiplicador": 1.2765153556422144
    },
    "TUR": {
      "cagr": 3.255450152879358,
      "pib_inicial": 12184.1995945303,
      "pib_final": 35069.1701714685,
      "anos": 33,
      "multiplicador": 2.8782498102880436
    },
    "CHN": {
      "cagr": 8.232937838117206,
      "pib_inicial": 1666.92774090575,
      "pib_final": 22687.0758723942,
      "anos": 33,
      "multiplicador": 13.610113573409512
    },
    "IND": {
      "cagr": 4.46124457235848,
      "pib_inicial": 2203.14703867968,
      "pib_final": 9301.75603225735,
      "anos": 33,
      "multiplicador": 4.222031425479337
    },
    "KOR": {
      "cagr": 4.093177106193346,
      "pib_inicial": 14377.8839203268,
      "pib_final": 54029.3434990785,
      "anos": 33,
      "multiplicador": 3.757809132308703
    },
    "MYS": {
      "cagr": 3.0958571960126635,
      "pib_inicial": 12013.6969483112,
      "pib_final": 32857.6676600774,
      "anos": 33,
      "multiplicador": 2.7350171892504993
    }
  }
}